公開日,slug,タイトル,カテゴリ,文字数,Amazonリンク数,A8リンク数,テーマ,指摘,推奨対応,URL
2025-01-14,budget-guide,【2025年版】予算別盆栽購入ガイド｜3千円台から始める失敗しない選び方,はじめての盆栽,2398,0,0,初心者,本文が短い(<2500字),統合・加筆候補,https://www.bonsai-collection.com/guides/budget-guide
2025-01-15,beginner-tree-species-guide,盆栽初心者が最初に選ぶべき樹種5選【失敗しない選び方】,はじめての盆栽,5553,0,0,初心者,,維持（検索データで再判定）,https://www.bonsai-collection.com/guides/beginner-tree-species-guide
2025-01-15,issai-sakura-guide,一才桜の盆栽完全ガイド｜開花を楽しむ剪定・年間管理のコツ【初心者向け】,樹種別ガイド,2468,0,0,桜・剪定・初心者,本文が短い(<2500字),統合・加筆候補,https://www.bonsai-collection.com/guides/issai-sakura-guide
2025-01-15,tosho-juniper-guide,杜松（トショウ）の盆栽入門｜自然な樹形作りと管理法【初心者～中級者向け】,樹種別ガイド,2887,0,0,松・初心者,,維持（検索データで再判定）,https://www.bonsai-collection.com/guides/tosho-juniper-guide
2025-01-15,red-pine-guide,赤松の盆栽育て方｜黒松との違いと特徴的な管理法【初心者～中級者向け】,樹種別ガイド,2865,0,0,松・初心者,,維持（検索データで再判定）,https://www.bonsai-collection.com/guides/red-pine-guide
2025-01-15,maple-varieties-guide,山もみじ vs 野村もみじ｜美しい紅葉を楽しむ品種比較ガイド【初心者～中級者向け】,樹種別ガイド,3296,0,0,もみじ・楓・初心者,,維持（検索データで再判定）,https://www.bonsai-collection.com/guides/maple-varieties-guide
2025-01-15,keyaki-guide,ケヤキの盆栽完全マニュアル｜美しい箒作りと四季の管理【初心者～中級者向け】,樹種別ガイド,2859,0,0,初心者,,維持（検索データで再判定）,https://www.bonsai-collection.com/guides/keyaki-guide
2025-01-15,sakura-general-guide,桜の盆栽入門｜一才桜・旭山桜の育て方と開花のコツ【初心者向け】,樹種別ガイド,2610,0,0,桜・初心者,,維持（検索データで再判定）,https://www.bonsai-collection.com/guides/sakura-general-guide
2025-01-15,elm-guide,欅（ニレ）の盆栽ガイド｜小さな巨樹を作る剪定テクニック【中級者向け】,樹種別ガイド,2749,0,0,剪定,,維持（検索データで再判定）,https://www.bonsai-collection.com/guides/elm-guide
2025-01-15,camellia-guide,椿の盆栽完全ガイド｜花を楽しむ剪定・年間管理【初心者～中級者向け】,樹種別ガイド,2545,0,0,剪定・初心者,,維持（検索データで再判定）,https://www.bonsai-collection.com/guides/camellia-guide
2025-01-15,nanten-guide,南天の盆栽入門｜縁起の良い赤い実を楽しむ育て方【初心者向け】,樹種別ガイド,2891,0,0,初心者,,維持（検索データで再判定）,https://www.bonsai-collection.com/guides/nanten-guide
2025-01-15,azalea-guide,サツキ・ツツジの盆栽｜満開の花を咲かせる管理法【初心者～中級者向け】,樹種別ガイド,3102,0,0,初心者,,維持（検索データで再判定）,https://www.bonsai-collection.com/guides/azalea-guide
2025-05-26,oshikatsu-star-song-specialjr-535,Star Song Specialとは？ジャニーズJr.出演の最新音楽番組を紹介,はじめての盆栽,23605,0,0,,無関係サイト(oshikatsu-guide.com)の画像・リンク,要修正（優先）,https://www.bonsai-collection.com/guides/oshikatsu-star-song-specialjr-535
2025-05-26,star-song-specialjr-535,Star Song Specialとは？ジャニーズJr.出演の最新音楽番組を紹介,はじめての盆栽,23605,0,0,,無関係サイト(oshikatsu-guide.com)の画像・リンク／アイキャッチなし,要修正（優先）,https://www.bonsai-collection.com/guides/star-song-specialjr-535
2025-05-28,oshikatsu-ok-552,【保存版】ライブ遠征の準備はこれでOK！交通・節約・持ち物チェックリスト,はじめての盆栽,21650,0,13,,無関係サイト(oshikatsu-guide.com)の画像・リンク,要修正（優先）,https://www.bonsai-collection.com/guides/oshikatsu-ok-552
2025-05-30,oshikatsu-wi-fi3-563,遠征Wi-Fiおすすめ3選｜ライブ前にチェック！容量・価格・契約期間で徹底比較◎,はじめての盆栽,12089,0,12,,無関係サイト(oshikatsu-guide.com)の画像・リンク,要修正（優先）,https://www.bonsai-collection.com/guides/oshikatsu-wi-fi3-563
2025-06-02,oshikatsu--573,【最新版】ライブ遠征の交通手段ガイド｜新幹線・飛行機・夜行バスを徹底比較＆節約術も紹介！,はじめての盆栽,16313,0,9,,無関係サイト(oshikatsu-guide.com)の画像・リンク,要修正（優先）,https://www.bonsai-collection.com/guides/oshikatsu--573
2025-06-02,-577,寺西拓人の魅力を徹底解剖｜“国民の元カレ”と呼ばれる理由と推し方ガイド,はじめての盆栽,21506,0,0,,アイキャッチなし,維持（検索データで再判定）,https://www.bonsai-collection.com/guides/-577
2025-06-03,oshikatsu-timelesz-583,timeleszアリーナツアー完全ガイド｜日程・会場・参戦準備・見どころまで徹底解説！,はじめての盆栽,24461,0,11,,無関係サイト(oshikatsu-guide.com)の画像・リンク,要修正（優先）,https://www.bonsai-collection.com/guides/oshikatsu-timelesz-583
2025-06-11,article-11,初心者向け盆栽の始め方完全ガイド｜道具・育て方・手入れのコツまで,はじめての盆栽,4870,0,0,初心者,,維持（検索データで再判定）,https://www.bonsai-collection.com/guides/article-11
2025-06-13,article-8,初心者でもわかる！盆栽の肥料入門｜固形・液体の違いと使い方ガイド,基本のお手入れ,7621,5,0,肥料・初心者,tagなしAmazonリンク／別のアソシエイトID(arata55507-22),維持（検索データで再判定）,https://www.bonsai-collection.com/guides/article-8
2025-06-14,timelesz-612,橋本将生の魅力を徹底解剖｜“飾らない実力派”がtimeleszで見せる素顔と成長,はじめての盆栽,21762,0,0,,無関係サイト(oshikatsu-guide.com)の画像・リンク／アイキャッチなし,要修正（優先）,https://www.bonsai-collection.com/guides/timelesz-612
2025-06-14,article-7,初心者でもわかる！盆栽の剪定・芽摘み・針金かけ入門｜基礎からやさしく解説,基本のお手入れ,6556,11,0,剪定・初心者,tagなしAmazonリンク,維持（検索データで再判定）,https://www.bonsai-collection.com/guides/article-7
2025-06-17,article-4,ミニ盆栽の始め方完全ガイド｜人気の種類と育て方のコツをやさしく解説,はじめての盆栽,3976,4,0,ミニ盆栽・初心者,別のアソシエイトID(arata55507-22),維持（検索データで再判定）,https://www.bonsai-collection.com/guides/article-4
2025-06-18,article-9,初心者でも安心！盆栽道具7選｜スターターセットと選び方のコツ完全ガイド,はじめての盆栽,3405,0,0,初心者,ダミーリンク(example.com),要修正,https://www.bonsai-collection.com/guides/article-9
2025-06-18,article-19,盆栽の水やり完全マニュアル｜失敗しないコツと季節別のポイント,基本のお手入れ,3794,0,0,水やり,ダミーリンク(example.com),要修正,https://www.bonsai-collection.com/guides/article-19
2025-06-20,article-22,関東の盆栽展・展示会カレンダー【2025年】,基本のお手入れ,2786,0,0,,ダミーリンク(example.com),要修正,https://www.bonsai-collection.com/guides/article-22
2025-06-20,article-21,親子で楽しむ盆栽体験イベント7選｜夏休み自由研究にもおすすめ！,基本のお手入れ,3424,3,0,,一人称の体験談／別のアソシエイトID(arata55507-22),要修正,https://www.bonsai-collection.com/guides/article-21
2025-07-04,timelesz-fam-mc-621,timelesz FAM 千葉公演レポ｜セットリスト・演出・MC・関係者情報まとめ,はじめての盆栽,14149,0,0,,アイキャッチなし,維持（検索データで再判定）,https://www.bonsai-collection.com/guides/timelesz-fam-mc-621
2025-07-06,article-18,盆栽の水やり完全マニュアル｜失敗しないコツと季節別のポイント,基本のお手入れ,1523,2,0,水やり,本文が短い(<2500字),統合・加筆候補,https://www.bonsai-collection.com/guides/article-18
2025-07-06,article-15,盆栽の夏の管理｜水切れ・直射日光・暑さ対策まとめ【初心者向け】,基本のお手入れ,2733,6,0,初心者,,維持（検索データで再判定）,https://www.bonsai-collection.com/guides/article-15
2025-07-06,article-14,盆栽が枯れる原因10選｜初心者がやりがちな失敗と対策,基本のお手入れ,2213,3,0,初心者,本文が短い(<2500字),統合・加筆候補,https://www.bonsai-collection.com/guides/article-14
2025-07-06,article-16,盆栽の植え替えガイド｜失敗しないタイミングと手順【初心者向け】,基本のお手入れ,2166,5,0,植え替え・初心者,tagなしAmazonリンク／本文が短い(<2500字),統合・加筆候補,https://www.bonsai-collection.com/guides/article-16
2025-07-06,article-12,初心者必見！盆栽の置き場所ガイド｜屋外・室内で育てるコツと注意点,基本のお手入れ,2159,0,0,室内・初心者,本文が短い(<2500字),統合・加筆候補,https://www.bonsai-collection.com/guides/article-12
2025-07-06,article-10,初心者でも安心！黒松の盆栽育て方マニュアル｜水やり・剪定・管理の基本,基本のお手入れ,4109,8,0,松・水やり・剪定・初心者,,維持（検索データで再判定）,https://www.bonsai-collection.com/guides/article-10
2025-07-06,article-20,真柏の盆栽の育て方｜曲げ・剪定・年間管理のコツ【初心者～中級者向け】,基本のお手入れ,4138,6,0,真柏・剪定・初心者,別のアソシエイトID(arata55507-22),維持（検索データで再判定）,https://www.bonsai-collection.com/guides/article-20
2025-07-06,article-6,五葉松の盆栽の育て方｜剪定・水やり・管理のコツ【初心者〜中級者向け】,基本のお手入れ,4326,9,0,松・水やり・剪定・初心者,別のアソシエイトID(arata55507-22),維持（検索データで再判定）,https://www.bonsai-collection.com/guides/article-6
2025-07-06,article-3,【完全版】長寿梅の盆栽入門｜初心者に人気の花咲く育て方・剪定ポイント,基本のお手入れ,3858,6,0,梅・剪定・初心者,,維持（検索データで再判定）,https://www.bonsai-collection.com/guides/article-3
2025-07-06,article-13,梅の盆栽完全ガイド｜開花を促す剪定・年間管理・育て方の基本,基本のお手入れ,3358,8,0,梅・剪定,,維持（検索データで再判定）,https://www.bonsai-collection.com/guides/article-13
2025-07-06,article-1,【初心者完全版】もみじの盆栽｜美しい紅葉を育てる剪定と管理のコツ,基本のお手入れ,3095,8,0,もみじ・楓・剪定・初心者,,維持（検索データで再判定）,https://www.bonsai-collection.com/guides/article-1
2025-07-06,article-2,【初心者完全版】姫リンゴの盆栽の育て方｜可愛い実を楽しむ剪定と管理法,はじめての盆栽,3503,5,0,剪定・初心者,別のアソシエイトID(arata55507-22),維持（検索データで再判定）,https://www.bonsai-collection.com/guides/article-2
2025-07-06,article-17,盆栽の歴史｜起源から現代までの歩みと文化の広がり,はじめての盆栽,3142,0,0,,,維持（検索データで再判定）,https://www.bonsai-collection.com/guides/article-17
2025-07-08,article-5,【初心者向け】ギフトにも最適なミニ盆栽・豆盆栽とは？育て方と人気の種類を解説,はじめての盆栽,6784,2,0,ミニ盆栽・ギフト・初心者,,維持（検索データで再判定）,https://www.bonsai-collection.com/guides/article-5
2025-09-16,bonsai-repotting-master-guide-2025,【2025年完全版】盆栽植え替えマスターガイド｜プロが教える失敗しない全手順,基本のお手入れ,7304,0,0,植え替え,根拠不明の効果・研究の主張,要修正,https://www.bonsai-collection.com/guides/bonsai-repotting-master-guide-2025
2025-09-16,bonsai-watering-master-guide-2025,【2025年完全版】盆栽水やりマスターガイド｜プロが教える失敗しない水やり術,基本のお手入れ,5729,0,0,水やり,,維持（検索データで再判定）,https://www.bonsai-collection.com/guides/bonsai-watering-master-guide-2025
2025-09-16,bonsai-pruning-master-guide-2025,【2025年完全版】盆栽剪定マスターガイド｜プロが教える美しい樹形作りの全技術,基本のお手入れ,5923,0,0,剪定,,維持（検索データで再判定）,https://www.bonsai-collection.com/guides/bonsai-pruning-master-guide-2025
2025-09-16,bonsai-annual-care-calendar-2025,【2025年完全版】盆栽初心者向け年間管理カレンダー｜月別作業スケジュールで失敗知らず,はじめての盆栽,7166,0,0,初心者,,維持（検索データで再判定）,https://www.bonsai-collection.com/guides/bonsai-annual-care-calendar-2025
2025-09-18,article-29,【2025年版】新築祝いに喜ばれる盆栽5選｜家運向上と繁栄を願う縁起の良いギフト,国際・文化,11732,0,0,ギフト,,維持（検索データで再判定）,https://www.bonsai-collection.com/guides/article-29
2025-09-18,article-32,【2025年版】敬老の日に贈る盆栽5選｜祖父母に感謝を込めた長寿と健康を願う特別なギフト,国際・文化,7255,5,0,ギフト,tagなしAmazonリンク,維持（検索データで再判定）,https://www.bonsai-collection.com/guides/article-32
2025-09-18,article-33,【2025年版】海外向けギフトに最適な盆栽5選｜日本文化を世界に伝える特別な贈り物,基本のお手入れ,8165,5,0,ギフト,tagなしAmazonリンク,維持（検索データで再判定）,https://www.bonsai-collection.com/guides/article-33
2025-09-18,article-34,【2025年版】結婚祝いに贈る盆栽5選｜夫婦の絆と家庭円満を願う縁起の良いギフト,基本のお手入れ,7189,5,0,ギフト,tagなしAmazonリンク,維持（検索データで再判定）,https://www.bonsai-collection.com/guides/article-34
2025-09-18,article-23,【2025年決定版】盆栽が枯れない水やり自動化システム5選｜旅行・出張でも安心,基本のお手入れ,2412,0,0,水やり,本文が短い(<2500字),統合・加筆候補,https://www.bonsai-collection.com/guides/article-23
2025-09-18,article-24,"【2025年版】100均で作る盆栽入門セット｜総額1,100円で始める本格盆栽",はじめての盆栽,3003,0,0,初心者,,維持（検索データで再判定）,https://www.bonsai-collection.com/guides/article-24
2025-09-18,article-25,【2025年最新】室内で育てる盆栽おすすめ5選｜マンション・アパートOK,はじめての盆栽,5140,0,0,室内,,維持（検索データで再判定）,https://www.bonsai-collection.com/guides/article-25
2025-09-18,article-26,【2025年母の日】お母さんが喜ぶ盆栽ギフト5選｜感謝を込めた特別な贈り物,はじめての盆栽,4493,0,0,ギフト,,維持（検索データで再判定）,https://www.bonsai-collection.com/guides/article-26
2025-09-18,article-27,【2025年父の日】お父さんが喜ぶ渋い盆栽ギフト5選｜男性の心に響く本格派,はじめての盆栽,5979,0,0,ギフト,,維持（検索データで再判定）,https://www.bonsai-collection.com/guides/article-27
2025-09-18,article-28,【2025年版】お見舞い品に喜ばれる盆栽5選｜心を癒し、希望を届ける最適なギフト,はじめての盆栽,8376,0,0,ギフト,,維持（検索データで再判定）,https://www.bonsai-collection.com/guides/article-28
2025-09-19,article-35,【2025年版】卒業祝い・入学祝いに贈る盆栽5選｜新たな門出を応援する成長と希望の特別なギフト,基本のお手入れ,8403,9,0,ギフト,,維持（検索データで再判定）,https://www.bonsai-collection.com/guides/article-35
2025-09-19,article-36,【2025年版】昇進祝い・転職祝いに贈る盆栽5選｜新たなキャリアステップを応援する成功と飛躍の特別なギフト,基本のお手入れ,11251,13,0,ギフト,,維持（検索データで再判定）,https://www.bonsai-collection.com/guides/article-36
2025-09-19,article-37,【2025年版】誕生日ギフトに贈る盆栽5選｜年齢を重ねる喜びと成長を祝う特別な贈り物,基本のお手入れ,12808,15,0,ギフト,,維持（検索データで再判定）,https://www.bonsai-collection.com/guides/article-37
2025-09-19,article-38,【2025年版】引越し祝い・新築祝いに贈る盆栽5選｜新しい住まいに幸運と繁栄をもたらす特別なギフト,国際・文化,11536,15,0,ギフト,,維持（検索データで再判定）,https://www.bonsai-collection.com/guides/article-38
2025-09-19,article-39,【2025年完全版】桜盆栽の育て方｜開花を成功させる管理法と品種選びの極意,基本のお手入れ,6570,0,0,桜,,維持（検索データで再判定）,https://www.bonsai-collection.com/guides/article-39
2025-09-19,article-40,【2025年完全版】藤盆栽の育て方｜美しい垂れ花を咲かせる管理法と品種選びのコツ,基本のお手入れ,6731,0,0,,,維持（検索データで再判定）,https://www.bonsai-collection.com/guides/article-40
2025-09-19,article-41,【2025年完全版】南天盆栽の育て方｜縁起の良い赤い実を楽しむ管理法と実付きのコツ,基本のお手入れ,6544,0,0,,,維持（検索データで再判定）,https://www.bonsai-collection.com/guides/article-41
2025-09-19,article-42,【2025年完全版】松盆栽の育て方｜黒松・五葉松の特徴と本格的な管理法・針金かけの技術,基本のお手入れ,6060,0,0,松,,維持（検索データで再判定）,https://www.bonsai-collection.com/guides/article-42
2025-09-19,article-43,【2025年完全版】梅盆栽の育て方｜花咲く季節を楽しむ管理法と開花のコツ・品種選び,基本のお手入れ,6598,0,0,梅,,維持（検索データで再判定）,https://www.bonsai-collection.com/guides/article-43
2025-09-19,article-44,【2025年完全版】真柏盆栽の育て方｜糸魚川真柏の特徴と本格的な管理法・整枝の技術,基本のお手入れ,5781,0,0,真柏,,維持（検索データで再判定）,https://www.bonsai-collection.com/guides/article-44
2025-09-19,article-45,【2025年完全版】サルスベリ盆栽の育て方｜百日紅の長期開花を成功させる管理法・剪定のコツ,基本のお手入れ,4003,0,0,剪定,,維持（検索データで再判定）,https://www.bonsai-collection.com/guides/article-45
2025-09-19,article-46,ハナカイドウ盆栽の魅力と育て方 - 春の美しい花を楽しむ,基本のお手入れ,4898,0,0,,,維持（検索データで再判定）,https://www.bonsai-collection.com/guides/article-46
2025-09-19,article-47,寒椿盆栽の魅力と育て方 - 冬の花を楽しむミニ盆栽の世界,基本のお手入れ,7311,0,0,ミニ盆栽,,維持（検索データで再判定）,https://www.bonsai-collection.com/guides/article-47
2025-09-19,article-48,ニレケヤキ盆栽の魅力と育て方 - 美しい樹形と秋の黄葉を楽しむ,基本のお手入れ,10710,0,0,,,維持（検索データで再判定）,https://www.bonsai-collection.com/guides/article-48
2025-09-19,article-49,皐月盆栽の魅力と育て方 - 初夏の艶やかな花を楽しむコンパクト盆栽の世界,基本のお手入れ,4427,0,0,,,維持（検索データで再判定）,https://www.bonsai-collection.com/guides/article-49
2025-09-19,article-50,"予算別盆栽選び完全ガイド - 3,000円から30,000円まで価格帯別おすすめ盆栽",基本のお手入れ,5699,0,0,,,維持（検索データで再判定）,https://www.bonsai-collection.com/guides/article-50
2025-09-19,article-51,室内盆栽完全ガイド - マンション・アパートでも楽しめる盆栽ライフの始め方,基本のお手入れ,8791,0,0,室内・初心者,,維持（検索データで再判定）,https://www.bonsai-collection.com/guides/article-51
2025-09-19,gajumaru-bonsai-guide,ガジュマル盆栽の育て方完全ガイド - 初心者でも簡単！癒しの観葉盆栽,基本のお手入れ,4402,0,0,ガジュマル・初心者,,維持（検索データで再判定）,https://www.bonsai-collection.com/guides/gajumaru-bonsai-guide
2025-09-19,shimatoneriko-bonsai-guide,シマトネリコ盆栽の育て方完全ガイド - 観葉植物感覚で始める美しい羽状葉の盆栽,基本のお手入れ,4428,0,0,初心者,,維持（検索データで再判定）,https://www.bonsai-collection.com/guides/shimatoneriko-bonsai-guide
2025-09-19,umemodoki-bonsai-guide,ウメモドキ盆栽の育て方完全ガイド - 初心者でも楽しめる美しい実もの盆栽,基本のお手入れ,4613,0,0,初心者,,維持（検索データで再判定）,https://www.bonsai-collection.com/guides/umemodoki-bonsai-guide
2025-09-19,bonsai-garden-tour-guide,盆栽園めぐり完全ガイド - エリア別観光ルートで巡る日本の盆栽文化,基本のお手入れ,4768,0,0,,,維持（検索データで再判定）,https://www.bonsai-collection.com/guides/bonsai-garden-tour-guide
2025-09-19,autumn-maple-bonsai-guide,秋の紅葉盆栽完全ガイド - もみじ・カエデの美しさを極める究極の育て方,基本のお手入れ,5907,0,0,もみじ・楓,,維持（検索データで再判定）,https://www.bonsai-collection.com/guides/autumn-maple-bonsai-guide
2025-09-19,senior-friendly-bonsai-guide,シニア向け盆栽完全ガイド - 管理しやすい樹種と始め方で豊かなセカンドライフを,基本のお手入れ,6466,0,0,初心者,,維持（検索データで再判定）,https://www.bonsai-collection.com/guides/senior-friendly-bonsai-guide
2025-09-19,indoor-photosynthesis-optimization-guide,光合成効率最適化による室内盆栽科学 - データで実証する配置理論と樹種選択,科学的管理法,9137,0,0,室内,,維持（検索データで再判定）,https://www.bonsai-collection.com/guides/indoor-photosynthesis-optimization-guide
2025-09-19,soil-science-ph-nutrition-guide,盆栽の土づくり科学 - pH・栄養分析で実証する最適培養土配合理論,基本のお手入れ,7668,0,0,,,維持（検索データで再判定）,https://www.bonsai-collection.com/guides/soil-science-ph-nutrition-guide
2025-09-19,bonsai-therapy-brain-science-guide,盆栽セラピーの脳科学 - ストレス軽減・認知機能向上の科学的実証研究,基本のお手入れ,9982,0,0,,根拠不明の効果・研究の主張,要修正,https://www.bonsai-collection.com/guides/bonsai-therapy-brain-science-guide
2025-09-19,seasonal-temperature-physiology-guide,盆栽の季節生理学 - 温度変化が成長・開花・紅葉に与える科学的影響の徹底解析,科学的管理法,5914,0,0,もみじ・楓,根拠不明の効果・研究の主張,要修正,https://www.bonsai-collection.com/guides/seasonal-temperature-physiology-guide
2025-09-19,plant-hormone-growth-control-guide,盆栽の魔法！植物ホルモンで思い通りに樹形をコントロールする科学的メソッド,基本のお手入れ,5649,0,0,,,維持（検索データで再判定）,https://www.bonsai-collection.com/guides/plant-hormone-growth-control-guide
2025-09-19,root-microbiome-symbiosis-guide,盆栽の根に住む小さな助っ人たち！微生物パワーで成長力を300%アップする最新科学,基本のお手入れ,6443,0,0,,,維持（検索データで再判定）,https://www.bonsai-collection.com/guides/root-microbiome-symbiosis-guide
2025-09-19,water-physiology-stress-response-guide,盆栽の喉の渇きがわかる！水分科学で根腐れ・水切れを完全回避する魔法のテクニック,科学的管理法,6626,0,0,,,維持（検索データで再判定）,https://www.bonsai-collection.com/guides/water-physiology-stress-response-guide
2025-09-20,bonsai-meditation-mindfulness-guide,1日10分で人生が変わる！盆栽メディテーションの科学的効果とストレス解消法,基本のお手入れ,6605,0,0,,,維持（検索データで再判定）,https://www.bonsai-collection.com/guides/bonsai-meditation-mindfulness-guide
2025-09-20,children-bonsai-education-brain-development,子供の天才脳を育てる！盆栽教育で知能・創造力・集中力が劇的アップする科学的理由,科学的管理法,6409,0,0,,,維持（検索データで再判定）,https://www.bonsai-collection.com/guides/children-bonsai-education-brain-development
2025-09-20,medical-bonsai-therapy-healthcare,医療の最前線で実証！盆栽セラピーが患者の回復力を300%向上させる驚きの治療効果,基本のお手入れ,6279,0,0,,,維持（検索データで再判定）,https://www.bonsai-collection.com/guides/medical-bonsai-therapy-healthcare
2025-09-20,office-bonsai-productivity-workplace-wellness,デスクに小さな緑を置くだけで生産性が38%UP！オフィス盆栽が働き方を革命的に変える科学的理由,基本のお手入れ,7030,0,0,,,維持（検索データで再判定）,https://www.bonsai-collection.com/guides/office-bonsai-productivity-workplace-wellness
2025-09-20,ai-bonsai-image-recognition-diagnosis-guide,AI×盆栽革命！画像認識で病気診断・成長予測する最新技術,基本のお手入れ,4523,0,0,病害虫,根拠不明の効果・研究の主張,要修正,https://www.bonsai-collection.com/guides/ai-bonsai-image-recognition-diagnosis-guide
2025-09-20,iot-smart-watering-automation-guide,IoT盆栽革命！スマート水やりシステムで完全自動管理,基本のお手入れ,5786,0,0,水やり,,維持（検索データで再判定）,https://www.bonsai-collection.com/guides/iot-smart-watering-automation-guide
2025-09-20,bonsai-gamification-cultivation-tracking-guide,盆栽ゲーミフィケーション革命！ゲーム感覚で楽しむ栽培記録,基本のお手入れ,7369,0,0,,,維持（検索データで再判定）,https://www.bonsai-collection.com/guides/bonsai-gamification-cultivation-tracking-guide
2025-09-20,biotechnology-genetic-optimization-guide,バイオテクノロジー革命！遺伝子レベルで理想の盆栽を創造,基本のお手入れ,7601,0,0,,,維持（検索データで再判定）,https://www.bonsai-collection.com/guides/biotechnology-genetic-optimization-guide
2025-09-20,bonsai-investment-asset-value-guide,盆栽投資完全ガイド！資産価値が10倍になる銘品の見極め方,基本のお手入れ,6525,0,0,,,維持（検索データで再判定）,https://www.bonsai-collection.com/guides/bonsai-investment-asset-value-guide
2025-09-20,bonsai-business-startup-complete-guide,盆栽ビジネス起業完全ガイド！年収1000万円への道筋,基本のお手入れ,8106,0,0,,,維持（検索データで再判定）,https://www.bonsai-collection.com/guides/bonsai-business-startup-complete-guide
2025-09-20,bonsai-auction-strategy-master-guide,盆栽オークション攻略マスターガイド！1200万円落札の極意,購入・体験ガイド,7883,0,0,,,維持（検索データで再判定）,https://www.bonsai-collection.com/guides/bonsai-auction-strategy-master-guide
2025-09-20,beginner-bonsai-buying-guide-online-vs-store,失敗しない盆栽の選び方：ネット vs 実店舗 徹底比較ガイド,基本のお手入れ,7283,0,0,,,維持（検索データで再判定）,https://www.bonsai-collection.com/guides/beginner-bonsai-buying-guide-online-vs-store
2025-09-20,bonsai-yellow-leaves-causes-solutions,盆栽の葉っぱが黄色くなる原因と対策法：科学的診断で完全解決,基本のお手入れ,4585,0,0,,,維持（検索データで再判定）,https://www.bonsai-collection.com/guides/bonsai-yellow-leaves-causes-solutions
2025-09-20,bonsai-pest-control-natural-methods,盆栽に虫がつく原因と薬剤を使わない駆除法：天然成分で完全解決,基本のお手入れ,5670,0,0,病害虫,,維持（検索データで再判定）,https://www.bonsai-collection.com/guides/bonsai-pest-control-natural-methods
2025-09-20,bonsai-revival-dying-rescue-methods,盆栽が枯れそうな時の復活方法：緊急救命術で98%蘇生成功,トラブル解決,6677,0,0,,,維持（検索データで再判定）,https://www.bonsai-collection.com/guides/bonsai-revival-dying-rescue-methods
2025-09-20,bonsai-root-bound-prevention-solutions,盆栽の根詰まり症状と対策：科学的植え替えで100%解決,基本のお手入れ,6829,0,0,植え替え,,維持（検索データで再判定）,https://www.bonsai-collection.com/guides/bonsai-root-bound-prevention-solutions
2025-09-20,bonsai-winter-care-failure-prevention,盆栽の冬越し失敗対策：科学的防寒術で生存率100%達成,基本のお手入れ,5952,0,0,,,維持（検索データで再判定）,https://www.bonsai-collection.com/guides/bonsai-winter-care-failure-prevention
2025-09-20,bonsai-summer-heat-damage-prevention,盆栽の夏枯れ防止対策：猛暑対応術で生存率95%達成,基本のお手入れ,6215,0,0,,,維持（検索データで再判定）,https://www.bonsai-collection.com/guides/bonsai-summer-heat-damage-prevention
2025-09-20,bonsai-indoor-cultivation-success-guide,盆栽の室内栽培がうまくいかない原因と解決法：科学的環境制御で成功率85%,基本のお手入れ,6274,0,0,室内,,維持（検索データで再判定）,https://www.bonsai-collection.com/guides/bonsai-indoor-cultivation-success-guide
2025-09-20,bonsai-low-light-shade-cultivation,盆栽の日当たり悪い場所での育て方：耐陰性活用で成功率90%達成,基本のお手入れ,6253,0,0,,根拠不明の効果・研究の主張,要修正,https://www.bonsai-collection.com/guides/bonsai-low-light-shade-cultivation
2025-09-20,bonsai-experience-programs-complete-guide,盆栽体験プログラム実施135園完全比較ガイド｜評価・料金・アクセス・予約方法まで徹底解説,基本のお手入れ,12446,0,0,,一人称の体験談,要修正,https://www.bonsai-collection.com/guides/bonsai-experience-programs-complete-guide
2025-09-20,bonsai-online-sales-complete-guide,盆栽オンライン販売対応92園完全比較ガイド｜通販vs現地購入・送料・梱包・アフターサービスまで徹底分析,購入・体験ガイド,11188,0,0,,,維持（検索データで再判定）,https://www.bonsai-collection.com/guides/bonsai-online-sales-complete-guide
2025-09-20,persimmon-bonsai-complete-guide,柿の盆栽完全ガイド｜実ものの王様を育てる極意と美しい樹形作り,基本のお手入れ,3439,0,0,,,維持（検索データで再判定）,https://www.bonsai-collection.com/guides/persimmon-bonsai-complete-guide
2025-09-20,mulberry-bonsai-complete-guide,桑の実盆栽完全ガイド｜マルベリーの魅力と甘い実を楽しむ育て方,基本のお手入れ,3458,0,0,,,維持（検索データで再判定）,https://www.bonsai-collection.com/guides/mulberry-bonsai-complete-guide
2025-09-20,japanese-pepper-bonsai-guide,山椒の盆栽完全ガイド｜香りも楽しむ実用盆栽の育て方と活用法,基本のお手入れ,3299,0,0,,,維持（検索データで再判定）,https://www.bonsai-collection.com/guides/japanese-pepper-bonsai-guide
2025-09-20,yuzu-bonsai-complete-guide,柚子の盆栽完全ガイド｜香り高い柑橘系盆栽の育て方と収穫の楽しみ,基本のお手入れ,3769,0,0,,,維持（検索データで再判定）,https://www.bonsai-collection.com/guides/yuzu-bonsai-complete-guide
2025-09-20,ginkgo-bonsai-complete-guide,イチョウの盆栽完全ガイド｜黄葉美を楽しむ古代樹の育て方と管理法,基本のお手入れ,3850,0,0,,,維持（検索データで再判定）,https://www.bonsai-collection.com/guides/ginkgo-bonsai-complete-guide
2025-09-20,bamboo-bonsai-modern-guide,竹の盆栽完全ガイド｜モダンで涼しげな魅力と和の心を表現する育て方,基本のお手入れ,3034,0,0,,,維持（検索データで再判定）,https://www.bonsai-collection.com/guides/bamboo-bonsai-modern-guide
2025-09-20,weeping-cherry-bonsai-guide,シダレザクラの盆栽完全ガイド｜優雅な枝垂れ美と春の花を楽しむ育て方,基本のお手入れ,2414,0,0,,本文が短い(<2500字),統合・加筆候補,https://www.bonsai-collection.com/guides/weeping-cherry-bonsai-guide
2025-09-20,wildflower-mountain-bonsai-guide,山野草盆栽完全ガイド｜小さな自然を再現する癒しの世界,基本のお手入れ,1159,0,0,,本文が短い(<2500字),統合・加筆候補,https://www.bonsai-collection.com/guides/wildflower-mountain-bonsai-guide
2025-09-20,succulent-bonsai-modern-style,多肉植物盆栽完全ガイド｜現代的なスタイルで楽しむ新しい盆栽,基本のお手入れ,1281,0,0,,本文が短い(<2500字),統合・加筆候補,https://www.bonsai-collection.com/guides/succulent-bonsai-modern-style
2025-09-20,herb-bonsai-practical-beauty,ハーブ盆栽完全ガイド｜実用性と美しさの両立を楽しむ育て方,基本のお手入れ,1577,0,0,,本文が短い(<2500字),統合・加筆候補,https://www.bonsai-collection.com/guides/herb-bonsai-practical-beauty
2025-09-20,kumazasa-bamboo-japanese-style,クマザサ盆栽完全ガイド｜和の心を表現する上品な笹の魅力,基本のお手入れ,1545,0,0,,本文が短い(<2500字),統合・加筆候補,https://www.bonsai-collection.com/guides/kumazasa-bamboo-japanese-style
2025-09-20,camellia-varieties-comprehensive-guide,ツバキ園芸品種別完全ガイド｜美しい花を楽しむ品種選びと管理法,基本のお手入れ,2061,0,0,,本文が短い(<2500字),統合・加筆候補,https://www.bonsai-collection.com/guides/camellia-varieties-comprehensive-guide
2025-09-20,crape-myrtle-summer-flowers,サルスベリの盆栽完全ガイド｜夏花を楽しむ美しい樹肌と管理法,基本のお手入れ,2238,0,0,,本文が短い(<2500字),統合・加筆候補,https://www.bonsai-collection.com/guides/crape-myrtle-summer-flowers
2025-09-20,blueberry-bonsai-western-style,ブルーベリー盆栽完全ガイド｜洋風実もの盆栽の魅力と収穫の楽しみ,基本のお手入れ,4161,0,0,,,維持（検索データで再判定）,https://www.bonsai-collection.com/guides/blueberry-bonsai-western-style
2025-09-20,olive-bonsai-mediterranean-charm,オリーブ盆栽完全ガイド｜地中海風の魅力と美しいシルバーリーフ,基本のお手入れ,4018,0,0,,,維持（検索データで再判定）,https://www.bonsai-collection.com/guides/olive-bonsai-mediterranean-charm
2025-09-20,bonsai-exhibition-complete-guide,盆栽展示会入門｜初参加から入賞まで完全ガイド,基本のお手入れ,3598,0,0,,,維持（検索データで再判定）,https://www.bonsai-collection.com/guides/bonsai-exhibition-complete-guide
2025-09-20,bonsai-club-community-guide,盆栽クラブ活動ガイド｜仲間と楽しむ盆栽ライフ,イベント・コミュニティ,4084,0,0,,,維持（検索データで再判定）,https://www.bonsai-collection.com/guides/bonsai-club-community-guide
2025-09-20,bonsai-history-culture-guide,盆栽の歴史と文化｜日本の美意識を深く理解する,基本のお手入れ,3873,0,0,,,維持（検索データで再判定）,https://www.bonsai-collection.com/guides/bonsai-history-culture-guide
2025-09-20,global-bonsai-culture-guide,海外の盆栽事情｜世界に広がる BONSAI 文化の現在,基本のお手入れ,4963,0,0,,,維持（検索データで再判定）,https://www.bonsai-collection.com/guides/global-bonsai-culture-guide
2025-09-20,bonsai-master-career-guide,盆栽師への道｜プロになるための修行と心構え,基本のお手入れ,4597,0,0,,,維持（検索データで再判定）,https://www.bonsai-collection.com/guides/bonsai-master-career-guide
2025-09-20,bonsai-tea-ceremony-guide,盆栽と茶道の関係｜和の文化の融合と楽しみ方,基本のお手入れ,4485,0,0,,,維持（検索データで再判定）,https://www.bonsai-collection.com/guides/bonsai-tea-ceremony-guide
2025-09-20,bonsai-photography-guide,盆栽の撮影テクニック｜美しく記録し共有する方法,楽しみ方,7647,0,0,,,維持（検索データで再判定）,https://www.bonsai-collection.com/guides/bonsai-photography-guide
2025-09-20,bonsai-international-import-export-guide,盆栽の国際輸出入ガイド｜検疫・法規制・手続き完全解説,基本のお手入れ,6131,0,0,,,維持（検索データで再判定）,https://www.bonsai-collection.com/guides/bonsai-international-import-export-guide
2025-09-20,american-bonsai-west-coast-style,アメリカ式盆栽テクニック｜西海岸スタイルの管理法,基本のお手入れ,5539,0,0,,,維持（検索データで再判定）,https://www.bonsai-collection.com/guides/american-bonsai-west-coast-style
2025-09-20,european-bonsai-climate-adaptation,ヨーロッパ盆栽事情｜各国の気候適応と在来種活用,基本のお手入れ,5776,0,0,,,維持（検索データで再判定）,https://www.bonsai-collection.com/guides/european-bonsai-climate-adaptation
2025-09-20,chinese-penjing-vs-japanese-bonsai,中国盆景との違い｜伝統技法と現代的融合,基本のお手入れ,5736,0,0,,,維持（検索データで再判定）,https://www.bonsai-collection.com/guides/chinese-penjing-vs-japanese-bonsai
2025-09-20,southeast-asia-tropical-bonsai,東南アジア熱帯盆栽｜高温多湿環境での特殊管理,基本のお手入れ,5796,0,0,,,維持（検索データで再判定）,https://www.bonsai-collection.com/guides/southeast-asia-tropical-bonsai
2025-09-20,bonsai-english-terminology-guide,盆栽の英語表現ガイド｜国際交流で使える専門用語,基本のお手入れ,7945,0,0,,,維持（検索データで再判定）,https://www.bonsai-collection.com/guides/bonsai-english-terminology-guide
2025-09-20,world-bonsai-contest-participation-guide,世界の盆栽コンテスト｜参加方法と入賞戦略,イベント・コミュニティ,2886,0,0,,,維持（検索データで再判定）,https://www.bonsai-collection.com/guides/world-bonsai-contest-participation-guide
2025-09-20,bonsai-diplomacy-gift-etiquette,盆栽外交｜文化交流としての盆栽贈答マナー,基本のお手入れ,3576,0,0,ギフト,,維持（検索データで再判定）,https://www.bonsai-collection.com/guides/bonsai-diplomacy-gift-etiquette
2025-09-23,bonsai-exhibition-viewing-guide,盆栽展示会での正しい鑑賞方法｜作品の見方とポイント,イベント・コミュニティ,3581,0,0,,,維持（検索データで再判定）,https://www.bonsai-collection.com/guides/bonsai-exhibition-viewing-guide
2025-09-23,year-end-new-year-bonsai-events-guide,年末年始の盆栽イベント巡り完全ガイド｜12月〜1月の特別展示を楽しむコツ,イベント・コミュニティ,11668,0,0,,,維持（検索データで再判定）,https://www.bonsai-collection.com/guides/year-end-new-year-bonsai-events-guide
2025-09-23,bonsai-club-beginner-guide,盆栽愛好会への参加ガイド｜初心者が知っておくべきマナーと楽しみ方,イベント・コミュニティ,9015,0,0,初心者,,維持（検索データで再判定）,https://www.bonsai-collection.com/guides/bonsai-club-beginner-guide
2025-09-23,beginner-bonsai-club-experience,盆栽初心者の愛好会体験記｜不安だらけの初参加から1年後の変化,体験談,10539,0,0,初心者,出典不明の取材・監修表記／一人称の体験談,要修正（優先）,https://www.bonsai-collection.com/guides/beginner-bonsai-club-experience
2025-09-23,30s-working-mother-bonsai-life,子育てママの盆栽生活｜忙しい日々に癒しと成長を求めて,体験談,6640,0,0,,出典不明の取材・監修表記／一人称の体験談,要修正（優先）,https://www.bonsai-collection.com/guides/30s-working-mother-bonsai-life
2025-09-23,50s-manager-stress-relief-bonsai,管理職のストレス解消法｜盆栽で見つけた心の平穏と部下指導のヒント,体験談,7818,0,0,,出典不明の取材・監修表記／根拠不明の効果・研究の主張／一人称の体験談,要修正（優先）,https://www.bonsai-collection.com/guides/50s-manager-stress-relief-bonsai
2025-09-23,60s-retiree-bonsai-club-experience,定年後の盆栽愛好会ライフ｜新たな人生の扉を開いた60代からの挑戦,体験談,8797,0,0,,出典不明の取材・監修表記／根拠不明の効果・研究の主張／一人称の体験談,要修正（優先）,https://www.bonsai-collection.com/guides/60s-retiree-bonsai-club-experience
2025-09-23,70s-beginner-community-participation,70代からの盆栽コミュニティ参加記｜年齢は関係ない、新しい世界への扉,体験談,8143,0,0,,出典不明の取材・監修表記／根拠不明の効果・研究の主張／一人称の体験談,要修正（優先）,https://www.bonsai-collection.com/guides/70s-beginner-community-participation
